{"cameraMode":{"drawMode":0,"name":"Shaded","section":"Shading Mode"},"sceneLighting":true,"audioPlay":false,"sceneViewState":{"showFog":true,"showMaterialUpdate":false,"showSkybox":true,"showFlares":true,"showImageEffects":true,"showParticleSystems":true},"in2DMode":false,"pivot":{"x":6.1992878913879398,"y":0.7119479179382324,"z":-7.171632289886475},"rotation":{"x":-0.03030555322766304,"y":-0.011392686516046524,"z":0.0003459945146460086,"w":-0.9994757175445557},"size":13.855575561523438,"orthographic":false}